date,headline
2025-03-24 21:25:00.129787,Routine quarterly update provided to shareholders
2025-03-24 21:25:00.129787,Market analysts maintain neutral stance on stock
2025-03-24 21:25:00.129787,Routine quarterly update provided to shareholders
2025-03-25 21:25:00.129787,Company maintains steady performance amid market conditions
2025-03-25 21:25:00.129787,Innovation drives significant company growth this quarter
2025-03-25 21:25:00.129787,Company continues standard business operations
2025-03-25 21:25:00.129787,Company reports strong quarterly earnings beating expectations
2025-03-26 21:25:00.129787,Company maintains steady performance amid market conditions
2025-03-26 21:25:00.129787,Routine quarterly update provided to shareholders
2025-03-27 21:25:00.129787,Market volatility affects stock performance negatively
2025-03-27 21:25:00.129787,Supply chain disruptions affect company operations
2025-03-28 21:25:00.129787,Company announces major partnership deal
2025-03-28 21:25:00.129787,Market confidence boosts stock to all-time high
2025-03-31 21:25:00.129787,Stock price reaches new highs amid positive market sentiment
2025-03-31 21:25:00.129787,Market confidence boosts stock to all-time high
2025-03-31 21:25:00.129787,Record revenue reported in latest earnings call
2025-04-01 21:25:00.129787,Company continues standard business operations
2025-04-01 21:25:00.129787,Stock price reaches new highs amid positive market sentiment
2025-04-01 21:25:00.129787,Competitive pressures weigh on stock price
2025-04-01 21:25:00.129787,Tech giant faces regulatory challenges in key markets
2025-04-02 21:25:00.129787,Analysts upgrade stock rating following excellent results
2025-04-02 21:25:00.129787,Supply chain disruptions affect company operations
2025-04-02 21:25:00.129787,Record revenue reported in latest earnings call
2025-04-02 21:25:00.129787,Securities trading within expected range for the quarter
2025-04-03 21:25:00.129787,Routine quarterly update provided to shareholders
2025-04-03 21:25:00.129787,Company continues standard business operations
2025-04-04 21:25:00.129787,Routine quarterly update provided to shareholders
2025-04-04 21:25:00.129787,Competitive pressures weigh on stock price
2025-04-04 21:25:00.129787,Company announces major partnership deal
2025-04-07 21:25:00.129787,Company maintains steady performance amid market conditions
2025-04-07 21:25:00.129787,Company announces major partnership deal
2025-04-07 21:25:00.129787,Quarterly earnings fall short of analyst expectations
2025-04-07 21:25:00.129787,Company maintains steady performance amid market conditions
2025-04-08 21:25:00.129787,Regulatory concerns cause investor hesitation
2025-04-08 21:25:00.129787,Supply chain disruptions affect company operations
2025-04-08 21:25:00.129787,Market downturn leads to significant price drop
2025-04-08 21:25:00.129787,Company continues standard business operations
2025-04-09 21:25:00.129787,Supply chain disruptions affect company operations
2025-04-09 21:25:00.129787,Quarterly earnings fall short of analyst expectations
2025-04-10 21:25:00.129787,Routine quarterly update provided to shareholders
2025-04-10 21:25:00.129787,Market confidence boosts stock to all-time high
2025-04-11 21:25:00.129787,Analysts upgrade stock rating following excellent results
2025-04-11 21:25:00.129787,Quarterly earnings fall short of analyst expectations
2025-04-11 21:25:00.129787,Company maintains steady performance amid market conditions
2025-04-14 21:25:00.129787,Market analysts maintain neutral stance on stock
2025-04-14 21:25:00.129787,Record revenue reported in latest earnings call
2025-04-14 21:25:00.129787,Routine quarterly update provided to shareholders
2025-04-15 21:25:00.129787,Market analysts maintain neutral stance on stock
2025-04-15 21:25:00.129787,Market analysts maintain neutral stance on stock
2025-04-15 21:25:00.129787,Tech giant announces major partnership deal
2025-04-16 21:25:00.129787,Corporation reports strong quarterly earnings beating expectations
2025-04-16 21:25:00.129787,Routine quarterly update provided to shareholders
2025-04-17 21:25:00.129787,Company continues standard business operations
2025-04-17 21:25:00.129787,Analysts upgrade stock rating following excellent results
2025-04-18 21:25:00.129787,Market volatility affects stock performance negatively
2025-04-18 21:25:00.129787,Market analysts maintain neutral stance on stock
2025-04-21 21:25:00.129787,Company maintains steady performance amid market conditions
2025-04-21 21:25:00.129787,Quarterly earnings fall short of analyst expectations
2025-04-22 21:25:00.129787,Market confidence boosts stock to all-time high
2025-04-22 21:25:00.129787,Analysts upgrade stock rating following excellent results
2025-04-22 21:25:00.129787,Market downturn leads to significant price drop
2025-04-22 21:25:00.129787,Corporation faces regulatory challenges in key markets
2025-04-23 21:25:00.129787,Company maintains steady performance amid market conditions
2025-04-23 21:25:00.129787,Competitive pressures weigh on stock price
2025-04-23 21:25:00.129787,Stock trading within expected range for the quarter
2025-04-24 21:25:00.129787,Company faces regulatory challenges in key markets
2025-04-24 21:25:00.129787,Market analysts maintain neutral stance on stock
2025-04-25 21:25:00.129787,Equity trading within expected range for the quarter
2025-04-25 21:25:00.129787,Tech giant maintains steady performance amid market conditions
2025-04-25 21:25:00.129787,Corporation continues standard business operations
2025-04-25 21:25:00.129787,Stock price reaches new highs amid positive market sentiment
2025-04-28 21:25:00.129787,Economic uncertainty impacts investor confidence
2025-04-28 21:25:00.129787,Market analysts maintain neutral stance on stock
2025-04-28 21:25:00.129787,Company faces regulatory challenges in key markets
2025-04-29 21:25:00.129787,Stock price reaches new highs amid positive market sentiment
2025-04-29 21:25:00.129787,Market analysts maintain neutral stance on stock
2025-04-30 21:25:00.129787,Quarterly earnings fall short of analyst expectations
2025-04-30 21:25:00.129787,Analysts upgrade stock rating following excellent results
2025-04-30 21:25:00.129787,Securities price reaches new highs amid positive market sentiment
2025-05-01 21:25:00.129787,Company maintains steady performance amid market conditions
2025-05-01 21:25:00.129787,Company faces regulatory challenges in key markets
2025-05-01 21:25:00.129787,Regulatory concerns cause investor hesitation
2025-05-01 21:25:00.129787,Market analysts maintain neutral stance on stock
2025-05-02 21:25:00.129787,Market confidence boosts stock to all-time high
2025-05-02 21:25:00.129787,Strong product launch drives investor optimism
2025-05-05 21:25:00.129787,Company continues standard business operations
2025-05-05 21:25:00.129787,Market analysts maintain neutral stance on stock
2025-05-05 21:25:00.129787,Company maintains steady performance amid market conditions
2025-05-06 21:25:00.129787,Tech giant reports strong quarterly earnings beating expectations
2025-05-06 21:25:00.129787,Market volatility affects stock performance negatively
2025-05-06 21:25:00.129787,Major firm maintains steady performance amid market conditions
2025-05-06 21:25:00.129787,Analysts upgrade stock rating following excellent results
2025-05-07 21:25:00.129787,Regulatory concerns cause investor hesitation
2025-05-07 21:25:00.129787,Competitive pressures weigh on stock price
2025-05-07 21:25:00.129787,Market downturn leads to significant price drop
2025-05-08 21:25:00.129787,Market confidence boosts stock to all-time high
2025-05-08 21:25:00.129787,Company maintains steady performance amid market conditions
2025-05-08 21:25:00.129787,Supply chain disruptions affect company operations
2025-05-09 21:25:00.129787,Stock trading within expected range for the quarter
2025-05-09 21:25:00.129787,Innovation drives significant company growth this quarter
2025-05-09 21:25:00.129787,Leading company maintains steady performance amid market conditions
2025-05-09 21:25:00.129787,Company continues standard business operations
2025-05-12 21:25:00.129787,Supply chain disruptions affect company operations
2025-05-12 21:25:00.129787,Company maintains steady performance amid market conditions
2025-05-12 21:25:00.129787,Strong product launch drives investor optimism
2025-05-12 21:25:00.129787,Analysts upgrade stock rating following excellent results
2025-05-13 21:25:00.129787,Company faces regulatory challenges in key markets
2025-05-13 21:25:00.129787,Company continues standard business operations
2025-05-14 21:25:00.129787,Record revenue reported in latest earnings call
2025-05-14 21:25:00.129787,Supply chain disruptions affect company operations
2025-05-14 21:25:00.129787,Regulatory concerns cause investor hesitation
2025-05-15 21:25:00.129787,Market downturn leads to significant price drop
2025-05-15 21:25:00.129787,Record revenue reported in latest earnings call
2025-05-15 21:25:00.129787,Market confidence boosts stock to all-time high
2025-05-15 21:25:00.129787,Supply chain disruptions affect company operations
2025-05-16 21:25:00.129787,Economic uncertainty impacts investor confidence
2025-05-16 21:25:00.129787,Stock trading within expected range for the quarter
2025-05-16 21:25:00.129787,Strong product launch drives investor optimism
2025-05-16 21:25:00.129787,Market volatility affects stock performance negatively
2025-05-19 21:25:00.129787,Market analysts maintain neutral stance on stock
2025-05-19 21:25:00.129787,Market analysts maintain neutral stance on stock
2025-05-19 21:25:00.129787,Analysts upgrade stock rating following excellent results
2025-05-19 21:25:00.129787,Market downturn leads to significant price drop
2025-05-20 21:25:00.129787,Market volatility affects stock performance negatively
2025-05-20 21:25:00.129787,Company announces major partnership deal
2025-05-20 21:25:00.129787,Market volatility affects stock performance negatively
2025-05-20 21:25:00.129787,Major firm faces regulatory challenges in key markets
2025-05-21 21:25:00.129787,Corporation continues standard business operations
2025-05-21 21:25:00.129787,Strong product launch drives investor optimism
2025-05-21 21:25:00.129787,Leading company announces major partnership deal
2025-05-22 21:25:00.129787,Company faces regulatory challenges in key markets
2025-05-22 21:25:00.129787,Record revenue reported in latest earnings call
2025-05-22 21:25:00.129787,Market analysts maintain neutral stance on stock
2025-05-22 21:25:00.129787,Analysts upgrade stock rating following excellent results
2025-05-23 21:25:00.129787,Routine quarterly update provided to shareholders
2025-05-23 21:25:00.129787,Market confidence boosts stock to all-time high
2025-05-23 21:25:00.129787,Innovation drives significant company growth this quarter
2025-05-23 21:25:00.129787,Innovation drives significant company growth this quarter
2025-05-26 21:25:00.129787,Strong product launch drives investor optimism
2025-05-26 21:25:00.129787,Market confidence boosts stock to all-time high
2025-05-26 21:25:00.129787,Tech giant reports strong quarterly earnings beating expectations
2025-05-26 21:25:00.129787,Market confidence boosts stock to all-time high
2025-05-27 21:25:00.129787,Market volatility affects stock performance negatively
2025-05-27 21:25:00.129787,Routine quarterly update provided to shareholders
2025-05-28 21:25:00.129787,Stock trading within expected range for the quarter
2025-05-28 21:25:00.129787,Leading company maintains steady performance amid market conditions
2025-05-28 21:25:00.129787,Record revenue reported in latest earnings call
2025-05-29 21:25:00.129787,Company faces regulatory challenges in key markets
2025-05-29 21:25:00.129787,Market downturn leads to significant price drop
2025-05-29 21:25:00.129787,Company reports strong quarterly earnings beating expectations
2025-05-29 21:25:00.129787,Supply chain disruptions affect company operations
2025-05-30 21:25:00.129787,Market analysts maintain neutral stance on stock
2025-05-30 21:25:00.129787,Stock trading within expected range for the quarter
2025-05-30 21:25:00.129787,Shares price reaches new highs amid positive market sentiment
2025-06-02 21:25:00.129787,Competitive pressures weigh on stock price
2025-06-02 21:25:00.129787,Routine quarterly update provided to shareholders
2025-06-02 21:25:00.129787,Supply chain disruptions affect company operations
2025-06-02 21:25:00.129787,Regulatory concerns cause investor hesitation
2025-06-03 21:25:00.129787,Company faces regulatory challenges in key markets
2025-06-03 21:25:00.129787,Supply chain disruptions affect company operations
2025-06-04 21:25:00.129787,Major firm maintains steady performance amid market conditions
2025-06-04 21:25:00.129787,Stock trading within expected range for the quarter
2025-06-04 21:25:00.129787,Tech giant announces major partnership deal
2025-06-04 21:25:00.129787,Market volatility affects stock performance negatively
2025-06-05 21:25:00.129787,Market volatility affects stock performance negatively
2025-06-05 21:25:00.129787,Stock price reaches new highs amid positive market sentiment
2025-06-06 21:25:00.129787,Economic uncertainty impacts investor confidence
2025-06-06 21:25:00.129787,Competitive pressures weigh on stock price
2025-06-06 21:25:00.129787,Competitive pressures weigh on stock price
2025-06-06 21:25:00.129787,Routine quarterly update provided to shareholders
2025-06-09 21:25:00.129787,Stock trading within expected range for the quarter
2025-06-09 21:25:00.129787,Equity trading within expected range for the quarter
2025-06-09 21:25:00.129787,Major firm continues standard business operations
2025-06-10 21:25:00.129787,Routine quarterly update provided to shareholders
2025-06-10 21:25:00.129787,Company announces major partnership deal
2025-06-10 21:25:00.129787,Regulatory concerns cause investor hesitation
2025-06-11 21:25:00.129787,Analysts upgrade stock rating following excellent results
2025-06-11 21:25:00.129787,Equity price reaches new highs amid positive market sentiment
2025-06-11 21:25:00.129787,Competitive pressures weigh on stock price
2025-06-11 21:25:00.129787,Company reports strong quarterly earnings beating expectations
2025-06-12 21:25:00.129787,Company continues standard business operations
2025-06-12 21:25:00.129787,Market downturn leads to significant price drop
2025-06-12 21:25:00.129787,Company faces regulatory challenges in key markets
2025-06-13 21:25:00.129787,Tech giant announces major partnership deal
2025-06-13 21:25:00.129787,Major firm faces regulatory challenges in key markets
2025-06-16 21:25:00.129787,Economic uncertainty impacts investor confidence
2025-06-16 21:25:00.129787,Corporation continues standard business operations
2025-06-16 21:25:00.129787,Stock price reaches new highs amid positive market sentiment
2025-06-16 21:25:00.129787,Analysts upgrade stock rating following excellent results
2025-06-17 21:25:00.129787,Record revenue reported in latest earnings call
2025-06-17 21:25:00.129787,Company announces major partnership deal
2025-06-17 21:25:00.129787,Analysts upgrade stock rating following excellent results
2025-06-17 21:25:00.129787,Record revenue reported in latest earnings call
2025-06-18 21:25:00.129787,Routine quarterly update provided to shareholders
2025-06-18 21:25:00.129787,Corporation maintains steady performance amid market conditions
2025-06-18 21:25:00.129787,Supply chain disruptions affect company operations
2025-06-18 21:25:00.129787,Stock price reaches new highs amid positive market sentiment
2025-06-19 21:25:00.129787,Market confidence boosts stock to all-time high
2025-06-19 21:25:00.129787,Quarterly earnings fall short of analyst expectations
2025-06-20 21:25:00.129787,Supply chain disruptions affect company operations
2025-06-20 21:25:00.129787,Market downturn leads to significant price drop
2025-06-23 21:25:00.129787,Stock trading within expected range for the quarter
2025-06-23 21:25:00.129787,Company reports strong quarterly earnings beating expectations
2025-06-24 21:25:00.129787,Company announces major partnership deal
2025-06-24 21:25:00.129787,Market confidence boosts stock to all-time high
2025-06-24 21:25:00.129787,Stock trading within expected range for the quarter
2025-06-25 21:25:00.129787,Strong product launch drives investor optimism
2025-06-25 21:25:00.129787,Supply chain disruptions affect company operations
2025-06-25 21:25:00.129787,Quarterly earnings fall short of analyst expectations
2025-06-25 21:25:00.129787,Innovation drives significant company growth this quarter
2025-06-26 21:25:00.129787,Regulatory concerns cause investor hesitation
2025-06-26 21:25:00.129787,Record revenue reported in latest earnings call
2025-06-26 21:25:00.129787,Company faces regulatory challenges in key markets
2025-06-26 21:25:00.129787,Routine quarterly update provided to shareholders
2025-06-27 21:25:00.129787,Leading company continues standard business operations
2025-06-27 21:25:00.129787,Stock trading within expected range for the quarter
2025-06-30 21:25:00.129787,Analysts upgrade stock rating following excellent results
2025-06-30 21:25:00.129787,Market volatility affects stock performance negatively
2025-06-30 21:25:00.129787,Market volatility affects stock performance negatively
2025-06-30 21:25:00.129787,Economic uncertainty impacts investor confidence
2025-07-01 21:25:00.129787,Company continues standard business operations
2025-07-01 21:25:00.129787,Quarterly earnings fall short of analyst expectations
2025-07-01 21:25:00.129787,Competitive pressures weigh on stock price
2025-07-02 21:25:00.129787,Major firm announces major partnership deal
2025-07-02 21:25:00.129787,Securities trading within expected range for the quarter
2025-07-02 21:25:00.129787,Stock trading within expected range for the quarter
2025-07-02 21:25:00.129787,Equity trading within expected range for the quarter
2025-07-03 21:25:00.129787,Record revenue reported in latest earnings call
2025-07-03 21:25:00.129787,Economic uncertainty impacts investor confidence
2025-07-03 21:25:00.129787,Stock price reaches new highs amid positive market sentiment
2025-07-04 21:25:00.129787,Stock trading within expected range for the quarter
2025-07-04 21:25:00.129787,Regulatory concerns cause investor hesitation
2025-07-04 21:25:00.129787,Stock trading within expected range for the quarter
2025-07-04 21:25:00.129787,Company maintains steady performance amid market conditions
2025-07-07 21:25:00.129787,Market analysts maintain neutral stance on stock
2025-07-07 21:25:00.129787,Routine quarterly update provided to shareholders
2025-07-07 21:25:00.129787,Market confidence boosts stock to all-time high
2025-07-07 21:25:00.129787,Competitive pressures weigh on stock price
2025-07-08 21:25:00.129787,Stock trading within expected range for the quarter
2025-07-08 21:25:00.129787,Company announces major partnership deal
2025-07-08 21:25:00.129787,Company announces major partnership deal
2025-07-09 21:25:00.129787,Supply chain disruptions affect company operations
2025-07-09 21:25:00.129787,Routine quarterly update provided to shareholders
2025-07-09 21:25:00.129787,Quarterly earnings fall short of analyst expectations
2025-07-10 21:25:00.129787,Record revenue reported in latest earnings call
2025-07-10 21:25:00.129787,Market analysts maintain neutral stance on stock
2025-07-10 21:25:00.129787,Company faces regulatory challenges in key markets
2025-07-10 21:25:00.129787,Routine quarterly update provided to shareholders
2025-07-11 21:25:00.129787,Supply chain disruptions affect company operations
2025-07-11 21:25:00.129787,Regulatory concerns cause investor hesitation
2025-07-14 21:25:00.129787,Quarterly earnings fall short of analyst expectations
2025-07-14 21:25:00.129787,Market downturn leads to significant price drop
2025-07-15 21:25:00.129787,Supply chain disruptions affect company operations
2025-07-15 21:25:00.129787,Economic uncertainty impacts investor confidence
2025-07-15 21:25:00.129787,Supply chain disruptions affect company operations
2025-07-16 21:25:00.129787,Supply chain disruptions affect company operations
2025-07-16 21:25:00.129787,Stock trading within expected range for the quarter
2025-07-16 21:25:00.129787,Quarterly earnings fall short of analyst expectations
2025-07-17 21:25:00.129787,Company faces regulatory challenges in key markets
2025-07-17 21:25:00.129787,Stock trading within expected range for the quarter
2025-07-17 21:25:00.129787,Leading company faces regulatory challenges in key markets
2025-07-17 21:25:00.129787,Supply chain disruptions affect company operations
2025-07-18 21:25:00.129787,Leading company announces major partnership deal
2025-07-18 21:25:00.129787,Routine quarterly update provided to shareholders
2025-07-21 21:25:00.129787,Company continues standard business operations
2025-07-21 21:25:00.129787,Innovation drives significant company growth this quarter
2025-07-22 21:25:00.129787,Company announces major partnership deal
2025-07-22 21:25:00.129787,Company continues standard business operations
2025-07-22 21:25:00.129787,Market volatility affects stock performance negatively
2025-07-23 21:25:00.129787,Record revenue reported in latest earnings call
2025-07-23 21:25:00.129787,Securities price reaches new highs amid positive market sentiment
2025-07-24 21:25:00.129787,Market analysts maintain neutral stance on stock
2025-07-24 21:25:00.129787,Economic uncertainty impacts investor confidence
2025-07-24 21:25:00.129787,Quarterly earnings fall short of analyst expectations
2025-07-24 21:25:00.129787,Company faces regulatory challenges in key markets
2025-07-25 21:25:00.129787,Market volatility affects stock performance negatively
2025-07-25 21:25:00.129787,Record revenue reported in latest earnings call
2025-07-25 21:25:00.129787,Economic uncertainty impacts investor confidence
2025-07-25 21:25:00.129787,Competitive pressures weigh on stock price
2025-07-28 21:25:00.129787,Tech giant announces major partnership deal
2025-07-28 21:25:00.129787,Market downturn leads to significant price drop
2025-07-28 21:25:00.129787,Market confidence boosts stock to all-time high
2025-07-29 21:25:00.129787,Company continues standard business operations
2025-07-29 21:25:00.129787,Market confidence boosts stock to all-time high
2025-07-29 21:25:00.129787,Record revenue reported in latest earnings call
2025-07-30 21:25:00.129787,Innovation drives significant company growth this quarter
2025-07-30 21:25:00.129787,Quarterly earnings fall short of analyst expectations
2025-07-30 21:25:00.129787,Market confidence boosts stock to all-time high
2025-07-31 21:25:00.129787,Routine quarterly update provided to shareholders
2025-07-31 21:25:00.129787,Company continues standard business operations
2025-07-31 21:25:00.129787,Company maintains steady performance amid market conditions
2025-07-31 21:25:00.129787,Market downturn leads to significant price drop
2025-08-01 21:25:00.129787,Competitive pressures weigh on stock price
2025-08-01 21:25:00.129787,Corporation announces major partnership deal
2025-08-04 21:25:00.129787,Strong product launch drives investor optimism
2025-08-04 21:25:00.129787,Company reports strong quarterly earnings beating expectations
2025-08-04 21:25:00.129787,Stock price reaches new highs amid positive market sentiment
2025-08-05 21:25:00.129787,Company faces regulatory challenges in key markets
2025-08-05 21:25:00.129787,Record revenue reported in latest earnings call
2025-08-06 21:25:00.129787,Company continues standard business operations
2025-08-06 21:25:00.129787,Corporation reports strong quarterly earnings beating expectations
2025-08-07 21:25:00.129787,Company continues standard business operations
2025-08-07 21:25:00.129787,Record revenue reported in latest earnings call
2025-08-07 21:25:00.129787,Stock trading within expected range for the quarter
2025-08-07 21:25:00.129787,Innovation drives significant company growth this quarter
2025-08-08 21:25:00.129787,Company reports strong quarterly earnings beating expectations
2025-08-08 21:25:00.129787,Market confidence boosts stock to all-time high
2025-08-08 21:25:00.129787,Market downturn leads to significant price drop
2025-08-11 21:25:00.129787,Market confidence boosts stock to all-time high
2025-08-11 21:25:00.129787,Company continues standard business operations
2025-08-11 21:25:00.129787,Routine quarterly update provided to shareholders
2025-08-12 21:25:00.129787,Market volatility affects stock performance negatively
2025-08-12 21:25:00.129787,Quarterly earnings fall short of analyst expectations
2025-08-12 21:25:00.129787,Economic uncertainty impacts investor confidence
2025-08-13 21:25:00.129787,Competitive pressures weigh on stock price
2025-08-13 21:25:00.129787,Routine quarterly update provided to shareholders
2025-08-13 21:25:00.129787,Equity price reaches new highs amid positive market sentiment
2025-08-14 21:25:00.129787,Company continues standard business operations
2025-08-14 21:25:00.129787,Analysts upgrade stock rating following excellent results
2025-08-15 21:25:00.129787,Stock price reaches new highs amid positive market sentiment
2025-08-15 21:25:00.129787,Market analysts maintain neutral stance on stock
2025-08-15 21:25:00.129787,Quarterly earnings fall short of analyst expectations
2025-08-15 21:25:00.129787,Regulatory concerns cause investor hesitation
2025-08-18 21:25:00.129787,Company announces major partnership deal
2025-08-18 21:25:00.129787,Quarterly earnings fall short of analyst expectations
2025-08-18 21:25:00.129787,Company continues standard business operations
2025-08-19 21:25:00.129787,Supply chain disruptions affect company operations
2025-08-19 21:25:00.129787,Company continues standard business operations
2025-08-19 21:25:00.129787,Stock price reaches new highs amid positive market sentiment
2025-08-19 21:25:00.129787,Routine quarterly update provided to shareholders
2025-08-20 21:25:00.129787,Market confidence boosts stock to all-time high
2025-08-20 21:25:00.129787,Leading company continues standard business operations
2025-08-21 21:25:00.129787,Market analysts maintain neutral stance on stock
2025-08-21 21:25:00.129787,Stock price reaches new highs amid positive market sentiment
2025-08-21 21:25:00.129787,Record revenue reported in latest earnings call
2025-08-22 21:25:00.129787,Market volatility affects stock performance negatively
2025-08-22 21:25:00.129787,Routine quarterly update provided to shareholders
2025-08-22 21:25:00.129787,Supply chain disruptions affect company operations
2025-08-22 21:25:00.129787,Major firm continues standard business operations
2025-08-25 21:25:00.129787,Supply chain disruptions affect company operations
2025-08-25 21:25:00.129787,Routine quarterly update provided to shareholders
2025-08-25 21:25:00.129787,Stock price reaches new highs amid positive market sentiment
2025-08-25 21:25:00.129787,Innovation drives significant company growth this quarter
2025-08-26 21:25:00.129787,Market confidence boosts stock to all-time high
2025-08-26 21:25:00.129787,Competitive pressures weigh on stock price
2025-08-26 21:25:00.129787,Record revenue reported in latest earnings call
2025-08-27 21:25:00.129787,Company maintains steady performance amid market conditions
2025-08-27 21:25:00.129787,Analysts upgrade stock rating following excellent results
2025-08-27 21:25:00.129787,Strong product launch drives investor optimism
2025-08-28 21:25:00.129787,Record revenue reported in latest earnings call
2025-08-28 21:25:00.129787,Market volatility affects stock performance negatively
2025-08-29 21:25:00.129787,Innovation drives significant company growth this quarter
2025-08-29 21:25:00.129787,Quarterly earnings fall short of analyst expectations
2025-08-29 21:25:00.129787,Stock price reaches new highs amid positive market sentiment
2025-08-29 21:25:00.129787,Routine quarterly update provided to shareholders
2025-09-01 21:25:00.129787,Market analysts maintain neutral stance on stock
2025-09-01 21:25:00.129787,Stock trading within expected range for the quarter
2025-09-01 21:25:00.129787,Market analysts maintain neutral stance on stock
2025-09-01 21:25:00.129787,Market confidence boosts stock to all-time high
2025-09-02 21:25:00.129787,Company announces major partnership deal
2025-09-02 21:25:00.129787,Leading company faces regulatory challenges in key markets
2025-09-02 21:25:00.129787,Securities trading within expected range for the quarter
2025-09-02 21:25:00.129787,Market volatility affects stock performance negatively
2025-09-03 21:25:00.129787,Market confidence boosts stock to all-time high
2025-09-03 21:25:00.129787,Analysts upgrade stock rating following excellent results
2025-09-03 21:25:00.129787,Competitive pressures weigh on stock price
2025-09-04 21:25:00.129787,Strong product launch drives investor optimism
2025-09-04 21:25:00.129787,Routine quarterly update provided to shareholders
2025-09-05 21:25:00.129787,Regulatory concerns cause investor hesitation
2025-09-05 21:25:00.129787,Company faces regulatory challenges in key markets
2025-09-08 21:25:00.129787,Regulatory concerns cause investor hesitation
2025-09-08 21:25:00.129787,Competitive pressures weigh on stock price
2025-09-08 21:25:00.129787,Stock trading within expected range for the quarter
2025-09-09 21:25:00.129787,Market confidence boosts stock to all-time high
2025-09-09 21:25:00.129787,Routine quarterly update provided to shareholders
2025-09-09 21:25:00.129787,Corporation continues standard business operations
2025-09-10 21:25:00.129787,Company faces regulatory challenges in key markets
2025-09-10 21:25:00.129787,Company maintains steady performance amid market conditions
2025-09-10 21:25:00.129787,Company announces major partnership deal
2025-09-10 21:25:00.129787,Innovation drives significant company growth this quarter
2025-09-11 21:25:00.129787,Analysts upgrade stock rating following excellent results
2025-09-11 21:25:00.129787,Supply chain disruptions affect company operations
2025-09-11 21:25:00.129787,Market analysts maintain neutral stance on stock
2025-09-11 21:25:00.129787,Stock price reaches new highs amid positive market sentiment
2025-09-12 21:25:00.129787,Stock trading within expected range for the quarter
2025-09-12 21:25:00.129787,Tech giant continues standard business operations
2025-09-12 21:25:00.129787,Market analysts maintain neutral stance on stock
2025-09-15 21:25:00.129787,Equity trading within expected range for the quarter
2025-09-15 21:25:00.129787,Company reports strong quarterly earnings beating expectations
2025-09-16 21:25:00.129787,Company reports strong quarterly earnings beating expectations
2025-09-16 21:25:00.129787,Market analysts maintain neutral stance on stock
2025-09-16 21:25:00.129787,Innovation drives significant company growth this quarter
2025-09-16 21:25:00.129787,Quarterly earnings fall short of analyst expectations
2025-09-17 21:25:00.129787,Strong product launch drives investor optimism
2025-09-17 21:25:00.129787,Innovation drives significant company growth this quarter
2025-09-17 21:25:00.129787,Market confidence boosts stock to all-time high
2025-09-17 21:25:00.129787,Strong product launch drives investor optimism
2025-09-18 21:25:00.129787,Company announces major partnership deal
2025-09-18 21:25:00.129787,Company continues standard business operations
2025-09-18 21:25:00.129787,Innovation drives significant company growth this quarter
